Contract,Expiry Date
Jul19,7/26/2019
Aug19,8/30/2019
Sep19,9/27/2019
Oct19,10/25/2019
Nov19,11/29/2019
Dec19,12/27/2019
Jan20,1/31/2020
Feb20,2/28/2020
Mar20,3/27/2020
Apr20,4/24/2020
May20,5/29/2020
Jun20,6/26/2020
Jul20,7/31/2020
Aug20,8/28/2020
Sep20,9/25/2020
Oct20,10/30/2020
Nov20,11/27/2020
Dec20,12/25/2020
Jan21,1/29/2021
Feb21,2/26/2021
Mar21,3/26/2021
Apr21,4/30/2021
May21,5/28/2021
Jun21,6/25/2021
Jul21,7/30/2021
Aug21,8/27/2021
Sep21,9/24/2021
Oct21,10/29/2021
Nov21,11/26/2021
Dec21,12/31/2021
Jan22,1/28/2022
Feb22,2/25/2022
Mar22,3/25/2022
Apr22,4/29/2022
May22,5/27/2022
Jun22,6/24/2022
Jul22,7/29/2022
Aug22,8/26/2022
Sep22,9/30/2022
Oct22,10/28/2022
Nov22,11/25/2022
Dec22,12/30/2022
Jan23,1/27/2023
Feb23,2/24/2023
Mar23,3/31/2023
Apr23,4/28/2023
May23,5/26/2023
Jun23,6/30/2023
Jul23,7/28/2023
Aug23,8/25/2023
Sep23,9/29/2023
Oct23,10/27/2023
Nov23,11/24/2023
Dec23,12/29/2023
Jan24,1/26/2024
Feb24,2/23/2024
Mar24,3/29/2024
Apr24,4/26/2024
May24,5/31/2024
Jun24,6/28/2024
Jul24,7/26/2024
Aug24,8/30/2024
Sep24,9/27/2024
Oct24,10/25/2024
Nov24,11/29/2024
Dec24,12/27/2024
Jan25,1/31/2025
Feb25,2/28/2025
Mar25,3/28/2025
Apr25,4/25/2025
May25,5/30/2025
Jun25,6/27/2025
Jul25,7/25/2025
Aug25,8/29/2025
Sep25,9/26/2025
Oct25,10/31/2025
Nov25,11/28/2025
Dec25,12/26/2025
Jan26,1/30/2026
Feb26,2/27/2026
Mar26,3/27/2026
Apr26,4/24/2026
May26,5/29/2026
Jun26,6/26/2026
Jul26,7/31/2026
Aug26,8/28/2026
Sep26,9/25/2026
Oct26,10/30/2026
Nov26,11/27/2026
Dec26,12/25/2026
Jan27,1/29/2027
Feb27,2/26/2027
Mar27,3/26/2027
Apr27,4/30/2027
May27,5/28/2027
Jun27,6/25/2027
Jul27,7/30/2027
Aug27,8/27/2027
Sep27,9/24/2027
Oct27,10/29/2027
Nov27,11/26/2027
Dec27,12/31/2027
Jan28,1/28/2028
Feb28,2/25/2028
Mar28,3/31/2028
Apr28,4/28/2028
May28,5/26/2028
Jun28,6/30/2028
Jul28,7/28/2028
Aug28,8/25/2028
Sep28,9/29/2028
Oct28,10/27/2028
Nov28,11/24/2028
Dec28,12/29/2028
Jan29,1/26/2029
Feb29,2/23/2029
Mar29,3/30/2029
Apr29,4/27/2029
May29,5/25/2029
Jun29,6/29/2029
Jul29,7/27/2029
Aug29,8/31/2029
Sep29,9/28/2029
Oct29,10/26/2029
Nov29,11/30/2029
Dec29,12/28/2029
Jan30,1/25/2030
Feb30,2/22/2030
Mar30,3/29/2030
Apr30,4/26/2030
May30,5/31/2030
Jun30,6/28/2030
Jul30,7/26/2030
Aug30,8/30/2030
Sep30,9/27/2030
Oct30,10/25/2030
Nov30,11/29/2030
Dec30,12/27/2030
Jan31,1/31/2031
Feb31,2/28/2031
Mar31,3/28/2031
Apr31,4/25/2031
May31,5/30/2031
Jun31,6/27/2031
Jul31,7/25/2031
Aug31,8/29/2031
Sep31,9/26/2031
Oct31,10/31/2031
Nov31,11/28/2031
Dec31,12/26/2031
Jan32,1/30/2032
Feb32,2/27/2032
Mar32,3/26/2032
Apr32,4/30/2032
May32,5/28/2032
Jun32,6/25/2032
Jul32,7/30/2032
Aug32,8/27/2032
Sep32,9/24/2032
Oct32,10/29/2032
Nov32,11/26/2032
Dec32,12/31/2032
Jan33,1/28/2033
Feb33,2/25/2033
Mar33,3/25/2033
Apr33,4/29/2033
May33,5/27/2033
Jun33,6/24/2033
Jul33,7/29/2033
Aug33,8/26/2033
Sep33,9/30/2033
Oct33,10/28/2033
Nov33,11/25/2033
Dec33,12/30/2033
Jan34,1/27/2034
Feb34,2/24/2034
Mar34,3/31/2034
Apr34,4/28/2034
May34,5/26/2034
Jun34,6/30/2034
Jul34,7/28/2034
Aug34,8/25/2034
Sep34,9/29/2034
Oct34,10/27/2034
Nov34,11/24/2034
Dec34,12/29/2034
Jan35,1/26/2035
Feb35,2/23/2035
Mar35,3/30/2035
Apr35,4/27/2035
May35,5/25/2035
Jun35,6/29/2035
Jul35,7/27/2035
Aug35,8/31/2035
Sep35,9/28/2035
Oct35,10/26/2035
Nov35,11/30/2035
Dec35,12/28/2035
Jan36,1/25/2036
Feb36,2/29/2036
Mar36,3/28/2036
Apr36,4/25/2036
May36,5/30/2036
Jun36,6/27/2036
Jul36,7/25/2036
Aug36,8/29/2036
Sep36,9/26/2036
Oct36,10/31/2036
Nov36,11/28/2036
Dec36,12/26/2036
Jan37,1/30/2037
Feb37,2/27/2037
Mar37,3/27/2037
Apr37,4/24/2037
May37,5/29/2037
Jun37,6/26/2037
Jul37,7/31/2037
Aug37,8/28/2037
Sep37,9/25/2037
Oct37,10/30/2037
Nov37,11/27/2037
Dec37,12/25/2037
Jan38,1/29/2038
Feb38,2/26/2038
Mar38,3/26/2038
Apr38,4/30/2038
May38,5/28/2038
Jun38,6/25/2038
Jul38,7/30/2038
Aug38,8/27/2038
Sep38,9/24/2038
Oct38,10/29/2038
Nov38,11/26/2038
Dec38,12/31/2038
Jan39,1/28/2039
Feb39,2/25/2039
Mar39,3/25/2039
Apr39,4/29/2039
May39,5/27/2039
Jun39,6/24/2039
Jul39,7/29/2039
Aug39,8/26/2039
Sep39,9/30/2039
Oct39,10/28/2039
Nov39,11/25/2039
Dec39,12/30/2039
